Authors;Year;Source title;Cited by
Dejea C.M., Wick E.C., Hechenbleikner E.M., White J.R., Mark Welch J.L., Rossettid B.J., Peterson S.N., Snesrud E.C., Borisy G.G., Lazarev M., Stein E., Vadivelu J., Roslani A.C., Malik A.A., Wanyiri J.W., Goh K.L., Thevambiga I., Fu K., Wan F., Llosa N., Housseau F., Romans K., Wu X., McAllister F.M., Wu S., Vogelstein B., Kinzler K.W., Pardoll D.M., Sears C.L.;2014;Proceedings of the National Academy of Sciences of the United States of America;4
Heyland A., Hodin J., Bishop C.;2014;PLoS ONE;1
Heaney C.D., Exum N.G., Dufour A.P., Brenner K.P., Haugland R.A., Chern E., Schwab K.J., Love D.C., Serre M.L., Noble R., Wade T.J.;2014;Science of the Total Environment;2
Estess E.E., Coffey D.M., Shimose T., Seitz A.C., Rodriguez L., Norton A., Block B., Farwell C.;2014;Aquaculture;1
Wong G.W., Zhuo L., Kimata K., Lam B.K., Satoh N., Stevens R.L.;2014;Biochemical and Biophysical Research Communications;
Kyrpides N.C., Hugenholtz P., Eisen J.A., Woyke T., Goker M., Parker C.T., Amann R., Beck B.J., Chain P.S., Chun J., Colwell R.R., Danchin A., Dawyndt P., Dedeurwaerdere T., DeLong E.F., Detter J.C., De Vos P., Donohue T.J., Dong X.-Z., Ehrlich D.S., Fraser C., Gibbs R., Gilbert J., Gilna P., Glockner F.O., Jansson J.K., Keasling J.D., Knight R., Labeda D., Lapidus A., Lee J.-S., Li W.-J., Ma J., Markowitz V., Moore E.R., Morrison M., Meyer F., Nelson K.E., Ohkuma M., Ouzounis C.A., Pace N., Parkhill J., Qin N., Rossello-Mora R., Sikorski J., Smith D., Sogin M., Stevens R., Stingl U., Suzuki K.-I., Taylor D., Tiedje J.M., Tindall B., Wagner M., Weinstock G., Weissenbach J., White O., Wang J., Zhang L., Zhou Y.-G., Field D., Whitman W.B., Garrity G.M., Klenk H.-P.;2014;PLoS biology;17
Cole A., Denny M.;2014;The Biological bulletin;
Telford M.J.;2014;Proceedings. Biological sciences / The Royal Society;
Elrakaiby M., Dutilh B.E., Rizkallah M.R., Boleij A., Cole J.N., Aziz R.K.;2014;OMICS A Journal of Integrative Biology;6
Selig E.R., Frazier M., O'Leary J.K., Jupiter S.D., Halpern B.S., Longo C., Kleisner K.L., Sivo L., Ranelletti M.;2015;Ecosystem Services;
Telford M.J., Lowe C.J., Cameron C.B., Ortega-Martinez O., Aronowicz J., Oliveri P., Copley R.R.;2014;Proceedings of the Royal Society B: Biological Sciences;11
Hirose S., Blaes O., Krolik J.H., Coleman M.S.B., Sano T.;2014;Astrophysical Journal;5
Heyland A., Hodin J.;2014;BMC Developmental Biology;2
Ferrario F., Beck M.W., Storlazzi C.D., Micheli F., Shepard C.C., Airoldi L.;2014;Nature Communications;15
Fritzenwanker J.H., Gerhart J., Freeman Jr. R.M., Lowe C.J.;2014;EvoDevo;9
Manni L., Gasparini F., Hotta K., Ishizuka K.J., Ricci L., Tiozzo S., Voskoboynik A., Dauga D.;2014;PLoS ONE;6
Hampton T.H., Green D.M., Cutting G.R., Morrison H.G., Sogin M.L., Gifford A.H., Stanton B.A., O'Toole G.A.;2014;Microbiome;7
Hayford K., Uddin M.J., Koehlmoos T.P., Bishai D.M.;2014;Vaccine;
Guidetti P., Baiata P., Ballesteros E., Di Franco A., Hereu B., Macpherson E., Micheli F., Pais A., Panzalis P., Rosenberg A.A., Zabala M., Sala E.;2014;PLoS ONE;9
De Wit P., Rogers-Bennett L., Kudela R.M., Palumbi S.R.;2014;Nature Communications;3
Incardona J.P., Gardner L.D., Linbo T.L., Brown T.L., Esbaugh A.J., Mager E.M., Stieglitz J.D., French B.L., Labenia J.S., Laetz C.A., Tagal M., Sloan C.A., Elizur A., Benetti D.D., Grosell M., Block B.A., Scholz N.L.;2014;Proceedings of the National Academy of Sciences of the United States of America;22
DuBuc T.Q., Traylor-Knowles N., Martindale M.Q.;2014;BMC Biology;5
Field J.C., Litvin S.Y., Carlisle A., Stewart J.S., Gilly W.F., Ruiz-Cooley R.I.;2014;Marine Ecology Progress Series;
Pitari G., Aquila V., Kravitz B., Robock A., Watanabe S., Cionni I., Luca N.D., Genova G.D., Mancini E., Tilmes S.;2014;Journal of Geophysical Research Atmospheres;8
Micheli F., Mumby P.J., Brumbaugh D.R., Broad K., Dahlgren C.P., Harborne A.R., Holmes K.E., Kappel C.V., Litvin S.Y., Sanchirico J.N.;2014;Biological Conservation;4
Laugen A.T., Engelhard G.H., Whitlock R., Arlinghaus R., Dankel D.J., Dunlop E.S., Eikeset A.M., Enberg K., Jorgensen C., Matsumura S., Nussle S., Urbach D., Baulier L., Boukal D.S., Ernande B., Johnston F.D., Mollet F., Pardoe H., Therkildsen N.O., Uusi-Heikkila S., Vainikka A., Heino M., Rijnsdorp A.D., Dieckmann U.;2014;Fish and Fisheries;18
Yao C.-L., Somero G.N.;2014;Chinese Science Bulletin;2
Von Appen W.-J., Pickart R.S., Brink K.H., Haine T.W.N.;2014;Deep-Sea Research Part I: Oceanographic Research Papers;5
Hemmer-Hansen J., Therkildsen N.O., Meldrup D., Nielsen E.E.;2014;Conservation Genetics;4
Crossin G.T., Cooke S.J., Goldbogen J.A., Phillips R.A.;2014;Marine Ecology Progress Series;5
Bradley C.J., Madigan D.J., Block B.A., Popp B.N.;2014;PLoS ONE;11
Gonzalez Carman V., Acha E.M., Maxwell S.M., Albareda D., Campagna C., Mianzan H.;2014;Marine Pollution Bulletin;4
Connell S.D., Foster M.S., Airoldi L.;2014;Marine Ecology Progress Series;15
Roe J.H., Morreale S.J., Paladino F.V., Shillinger G.L., Benson S.R., Eckert S.A., Bailey H., Tomillo P.S., Bograd S.J., Eguchi T., Dutton P.H., Seminoff J.A., Block B.A., Spotila J.R.;2014;Proceedings of the Royal Society B: Biological Sciences;3
Meyer C.G., O'Malley J.M., Papastamatiou Y.P., Dale J.J., Hutchinson M.R., Anderson J.M., Royer M.A., Holland K.N.;2014;PLoS ONE;2
Firth L.B., Thompson R.C., Bohn K., Abbiati M., Airoldi L., Bouma T.J., Bozzeda F., Ceccherelli V.U., Colangelo M.A., Evans A., Ferrario F., Hanley M.E., Hinz H., Hoggart S.P.G., Jackson J.E., Moore P., Morgan E.H., Perkol-Finkel S., Skov M.W., Strain E.M., van Belzen J., Hawkins S.J.;2014;Coastal Engineering;19
Hejnol A., Lowe C.J.;2014;Current Biology;2
Weinstein M.P., Litvin S.Y., Krebs J.M.;2014;Ecological Engineering;6
Low N.H.N., Drouin A., Marks C.J., Bracken M.E.S.;2014;Biological Invasions;
Micheli F., De Leo G., Shester G.G., Martone R.G., Lluch-Cota S.E., Butner C., Crowder L.B., Fujita R., Gelcich S., Jain M., Lester S.E., McCay B., Pelc R., Saenz-Arroyo A.;2014;Frontiers in Ecology and the Environment;3
Maxwell S.M., Jeglinski J.W.E., Trillmich F., Costa D.P., Raimondi P.T.;2014;Chelonian Conservation and Biology;
McCauley D.J., Young H.S., Power E.A., Bird D.W., Durham W.H., McInturff A., Dunbar R.B., Micheli F., Young H.S.;2014;Biological Conservation;
McCay B.J., Micheli F., Ponce-Diaz G., Murray G., Shester G., Ramirez-Sanchez S., Weisman W.;2014;Marine Policy;10
Strain E.M.A., Thomson R.J., Micheli F., Mancuso F.P., Airoldi L.;2014;Global Change Biology;8
Walter R.K., Woodson C.B., Leary P.R., Monismith S.G.;2014;Journal of Geophysical Research: Oceans;3
Giangrande A., Gambi M.C., Micheli F., Kroeker K.J.;2014;Journal of the Marine Biological Association of the United Kingdom;1
Stimpert A.K., Deruiter S.L., Southall B.L., Moretti D.J., Falcone E.A., Goldbogen J.A., Friedlaender A., Schorr G.S., Calambokidis J.;2014;Scientific Reports;
Mendez M., Kershaw F., Palumbi S., Pinsky M., Ray C., Rosenbaum H., Subramaniam A.;;Aquatic Conservation: Marine and Freshwater Ecosystems;1
Kittinger J.N., Koehn J.Z., Le Cornu E., Ban N.C., Gopnik M., Armsby M., Brooks C., Carr M.H., Cinner J.E., Cravens A., D'Iorio M., Erickson A., Finkbeiner E.M., Foley M.M., Fujita R., Gelcich S., Martin K.S., Prahler E., Reineman D.R., Shackeroff J., White C., Caldwell M.R., Crowder L.B.;2014;Frontiers in Ecology and the Environment;4
Butcher J.T., Johnson T., Beers J., Columbus L., Isakson B.E.;2014;Free Radical Biology and Medicine;2
Friedlaender A.S., Goldbogen J.A., Nowacek D.P., Read A.J., Johnston D., Gales N.;2014;Journal of Experimental Biology;4
Ban N.C., Bax N.J., Gjerde K.M., Devillers R., Dunn D.C., Dunstan P.K., Hobday A.J., Maxwell S.M., Kaplan D.M., Pressey R.L., Ardron J.A., Game E.T., Halpin P.N.;2014;Conservation Letters;15
Booth J.A.T., Woodson C.B., Sutula M., Micheli F., Weisberg S.B., Bograd S.J., Steele A., Schoen J., Crowder L.B.;2014;Limnology and Oceanography;3
Brette F., Machado B., Cros C., Incardona J.P., Scholz N.L., Block B.A.;2014;Science;20
Palumbi S.R., Barshis D.J., Traylor-Knowles N., Bay R.A.;2014;Science;39
Cornelius J.M., Zylberberg M., Breuner C.W., Gleiss A.C., Hahn T.P.;2014;Journal of Experimental Biology;1
Kuris A.M., Lafferty K.D., Sokolow S.H.;2014;Trends in Parasitology;1
Young H.S., McCauley D.J., Pollock A., Dirzo R.;2014;Journal of Tropical Ecology;
McCauley D.J., DeSalles P.A., Young H.S., Papastamatiou Y.P., Caselle J.E., Deakos M.H., Gardner J.P.A., Garton D.W., Collen J.D., Micheli F.;2014;Marine Biology;3
Rosenbaum H.C., Maxwell S.M., Kershaw F., Mate B.;2014;Conservation Biology;4
Micheli F., De Leo G., Butner C., Martone R.G., Shester G.;2014;Biological Conservation;1
Traylor-Knowles N., Palumbi S.R.;2014;Trends in Cell Biology;3
Ban N.C., Maxwell S.M., Dunn D.C., Hobday A.J., Bax N.J., Ardron J., Gjerde K.M., Game E.T., Devillers R., Kaplan D.M., Dunstan P.K., Halpin P.N., Pressey R.L.;2014;Marine Policy;9
Bay R.A., Palumbi S.R.;2014;Current Biology;4
Chu N.D., Miller L.P., Kaluziak S.T., Trussell G.C., Vollmer S.V.;2014;Molecular Ecology;1
Hemmer-Hansen J., Therkildsen N.O., Pujolar J.M.;2014;Biological Bulletin;1
Britten G.L., Dowd M., Minto C., Ferretti F., Boero F., Lotze H.K.;2014;Ecology Letters;2
Burgess S.C., Nickols K.J., Griesemer C.D., Barnett L.A.K., Dedrick A.G., Satterthwaite E.V., Yamane L., Morgan S.G., White J.W., Botsford L.W.;2014;Ecological Applications;17
Stewart J.S., Hazen E.L., Bograd S.J., Byrnes J.E.K., Foley D.G., Gilly W.F., Robison B.H., Field J.C.;2014;Global Change Biology;7
Pinsky M.L., Palumbi S.R.;2014;Molecular Ecology;18
Goldbogen J.A., Stimpert A.K., DeRuiter S.L., Calambokidis J., Friedender A.S., Schorr G.S., Moretti D.J., Tyack P.L., Southall B.L.;2014;Journal of Experimental Biology;1
Satoh N., Tagawa K., Lowe C.J., Yu J.-K., Kawashima T., Takahashi H., Ogasawara M., Kirschner M., Hisata K., Su Y.-H., Gerhart J.;2014;Genesis;4
Able K.W., Grothues T.M., Turnure J.T., Malone M.A., Henkes G.A.;2014;Environmental Biology of Fishes;1
Bonanomi S., Overgaard Therkildsen N., Berg Hedeholm R., Hemmer-Hansen J., Nielsen E.E.;2014;Molecular Ecology Resources;
Ibanez I., Diez J.M., Miller L.P., Olden J.D., Sorte C.J.B., Blumenthal D.M., Bradley B.A., D'antonio C.M., Dukes J.S., Early R.I., Grosholz E.D., Lawler J.J.;2014;Ecological Applications;10
Sung C.-G., Kim T.W., Park Y.-G., Kang S.-G., Inaba K., Shiba K., Choi T.S., Moon S.-D., Litvin S., Lee K.-T., Lee J.-S.;2014;Journal of Marine Systems;1
Miller L.P., Matassa C.M., Trussell G.C.;2014;Global Change Biology;5
Tepolt C.K., Somero G.N.;2014;Journal of Experimental Biology;9
Litvin S.Y., Weinstein M.P., Guida V.G.;2014;Marine Ecology Progress Series;
Madigan D.J., Baumann Z., Carlisle A.B., Hoen D.K., Popp B.N., Dewar H., Snodgrass O.E., Block B.A., Fisher N.S.;2014;Ecology;4
Cornu E.L., Kittinger J.N., Koehn J.Z., Finkbeiner E.M., Crowder L.B.;2014;Conservation Biology;4
Mccauley D.J., Young H.S., Guevara R., Williams G.J., Power E.A., Dunbar R.B., Bird D.W., Durham W.H., Micheli F.;2014;Conservation Biology;2
Giangrande A., Gambi M.C., Micheli F., Kroeker K.J.;2014;Journal of the Marine Biological Association of the United Kingdom;
von Appen W.-J., Koszalka I.M., Pickart R.S., Haine T.W.N., Mastropole D., Magaldi M.G., Valdimarsson H., Girton J., Jochumsen K., Krahmann G.;2014;Deep-Sea Research Part I: Oceanographic Research Papers;4
Barshis D.J., Ladner J.T., Oliver T.A., Palumbi S.R.;2014;Molecular Biology and Evolution;8
Maxwell S.M., Ban N.C., Morgan L.E.;2014;Endangered Species Research;2
Staaf D.J., Gilly W.F., Denny M.W.;2014;Journal of Experimental Biology;3
Vincenzi S., De Leo G.A., Munari C., Mistri M.;2014;Hydrobiologia;1
DasSarma S., Karan R., DasSarma P., Barnes S., Ekulona F., Smith B.;2013;BMC Biotechnology;1
Bolzoni L., Tessoni V., Groppi M., De Leo G.A.;2013;Journal of Mathematical Biology;1
Micheli F., Halpern B.S., Walbridge S., Ciriaco S., Ferretti F., Fraschetti S., Lewison R., Nykjaer L., Rosenberg A.A.;2013;PLoS ONE;26
Nickols K.J., Miller S.H., Gaylord B., Morgan S.G., Largier J.L.;2013;Marine Ecology Progress Series;3
Micheli F., Niccolini F.;2013;Ecology and Society;2
Daneshian M., Botana L.M., Bottein M.-Y.D., Buckland G., Campas M., Dennison N., Dickey R.W., Diogene J., Fessard V., Hartung T., Humpage A., Leist M., Molgo J., Quilliam M.A., Rovida C., Suarez-Isla B.A., Tubaro A., Wagner K., Zoller O., Dietrich D.;2013;Altex;2
Rosa R., Yamashiro C., Markaida U., Rodhouse P.G.K., Waluda C.M., Salinas-Zavala C.A., Keyl F., ODor R., Stewart J.S., Gilly W.F.;2013;Advances in Squid Biology, Ecology and Fisheries. Part II - Oegopsid squids;4
Dale J.J., Drazen J.C., Holland K.N.;2013;Marine Biology;2
Shridhar S., Hassan K., Sullivan D.J., Vasta G.R., Fernandez Robledo J.A.;2013;International Journal for Parasitology: Drugs and Drug Resistance;4
Maxwell S.M., Hazen E.L., Bograd S.J., Halpern B.S., Breed G.A., Nickel B., Teutschel N.M., Crowder L.B., Benson S., Dutton P.H., Bailey H., Kappes M.A., Kuhn C.E., Weise M.J., Mate B., Shaffer S.A., Hassrick J.L., Henry R.W., Irvine L., McDonald B.I., Robinson P.W., Block B.A., Costa D.P.;2013;Nature communications;29
Koszalka I.M., Haine T.W.N., Magaldi M.G.;2013;Journal of Physical Oceanography;3
Scholz S., Sela E., Blaha L., Braunbeck T., Galay-Burgos M., Garcia-Franco M., Guinea J., Kluver N., Schirmer K., Tanneberger K., Tobor-Kaplon M., Witters H., Belanger S., Benfenati E., Creton S., Cronin M.T.D., Eggen R.I.L., Embry M., Ekman D., Gourmelon A., Halder M., Hardy B., Hartung T., Hubesch B., Jungmann D., Lampi M.A., Lee L., Leonard M., Kuster E., Lillicrap A., Luckenbach T., Murk A.J., Navas J.M., Peijnenburg W., Repetto G., Salinas E., Schuurmann G., Spielmann H., Tollefsen K.E., Walter-Rohde S., Whale G., Wheeler J.R., Winter M.J.;2013;Regulatory Toxicology and Pharmacology;17
Pikesley S.K., Maxwell S.M., Pendoley K., Costa D.P., Coyne M.S., Formia A., Godley B.J., Klein W., Makanga-Bahouna J., Maruca S., Ngouessono S., Parnell R.J., Pemo-Makaya E., Witt M.J.;2013;Diversity and Distributions;5
Pujolar J.M., Schiavina M., Di Franco A., Melia P., Guidetti P., Gatto M., De Leo G.A., Zane L.;2013;Diversity and Distributions;4
Kim T.W., Barry J.P., Micheli F.;2013;Biogeosciences;1
O'Leary J.K., Potts D., Schoenrock K.M., McClahanan T.R.;2013;Marine Ecology Progress Series;
Toonen R.J., Wilhelm T.T., Maxwell S.M., Wagner D., Bowen B.W., Sheppard C.R.C., Taei S.M., Teroroko T., Moffitt R., Gaymer C.F., Morgan L., Lewis N., Sheppard A.L.S., Parks J., Friedlander A.M.;2013;Marine Pollution Bulletin;13
Papastamatiou Y.P., Meyer C.G., Carvalho F., Dale J.J., Hutchinson M.R., Holland K.N.;2013;Ecology;16
Whitlock R.E., Walli A., Cermeno P., Rodriguez L.E., Farwell C., Block B.A.;2013;Journal of Experimental Biology;2
Gleiss A.C., Wright S., Liebsch N., Wilson R.P., Norman B.;2013;Marine Biology;5
Jayasundara N., Gardner L.D., Block B.A.;2013;American Journal of Physiology - Regulatory Integrative and Comparative Physiology;2
Wood C.L., Micheli F., Fernandez M., Gelcich S., Castilla J.C., Carvajal J.;2013;Journal of Animal Ecology;7
Dowd W.W., Felton C.A., Heymann H.M., Kost L.E., Somero G.N.;2013;Journal of Experimental Marine Biology and Ecology;4
Stuart-Smith R.D., Bates A.E., Lefcheck J.S., Duffy J.E., Baker S.C., Thomson R.J., Stuart-Smith J.F., Hill N.A., Kininmonth S.J., Airoldi L., Becerro M.A., Campbell S.J., Dawson T.P., Navarrete S.A., Soler G.A., Strain E.M.A., Willis T.J., Edgar G.J.;2013;Nature;39
Stewart J.S., Gilly W.F., Field J.C., Payne J.C.;2013;Deep-Sea Research Part II: Topical Studies in Oceanography;4
O'Dor R., Stewart J., Gilly W., Payne J., Borges T.C., Thys T.;2013;Deep-Sea Research Part II: Topical Studies in Oceanography;6
Stewart J.S., Field J.C., Markaida U., Gilly W.F.;2013;Deep-Sea Research Part II: Topical Studies in Oceanography;17
Field J.C., Elliger C., Baltz K., Gillespie G.E., Gilly W.F., Ruiz-Cooley R.I., Pearse D., Stewart J.S., Matsubu W., Walker W.A.;2013;Deep-Sea Research Part II: Topical Studies in Oceanography;5
Parravicini V., Micheli F., Montefalcone M., Morri C., Villa E., Castellano M., Povero P., Bianchi C.N.;2013;PLoS ONE;7
Incardona J.P., Swarts T.L., Edmunds R.C., Linbo T.L., Aquilina-Beck A., Sloan C.A., Gardner L.D., Block B.A., Scholz N.L.;2013;Aquatic Toxicology;10
Denny M., Mach K., Tepler S., Martone P.;2013;Journal of Experimental Biology;2
Cole B.J., Hamdoun A., Epel D.;2013;Journal of Experimental Biology;7
Pietri D.M., Gurney G.G., Benitez-Vina N., Kuklok A., Maxwell S.M., Whiting L., Vina M.A., Jenkins L.D.;2013;Conservation Biology;
Tolleter D., Seneca F.O., Denofrio J.C., Krediet C.J., Palumbi S.R., Pringle J.R., Grossman A.R.;2013;Current Biology;13
Del Raye G., Jorgensen S.J., Krumhansl K., Ezcurra J.M., Block B.A.;2013;Proceedings. Biological sciences / The Royal Society;4
Lyons K., Carlisle A., Preti A., Mull C., Blasius M., O'Sullivan J., Winkler C., Lowe C.G.;2013;Marine Environmental Research;8
Kittinger J.N., Finkbeiner E.M., Ban N.C., Broad K., Carr M.H., Cinner J.E., Gelcich S., Cornwell M.L., Koehn J.Z., Basurto X., Fujita R., Caldwell M.R., Crowder L.B.;2013;Current Opinion in Environmental Sustainability;10
Clark T.D., Farwell C.J., Rodriguez L.E., Brandt W.T., Block B.A.;2013;Journal of Experimental Biology;3
Feng C., Ghosh A., Amin M.N., Giomarelli B., Shridhar S., Banerjee A., Fernandez-Robledo J.A., Bianchet M.A., Wang L.-X., Wilson I.B.H., Vasta G.R.;2013;Journal of Biological Chemistry;10
Nelson T.C., Doukakis P., Lindley S.T., Schreier A.D., Hightower J.E., Hildebrand L.R., Whitlock R.E., Webb M.A.H.;2013;PLoS ONE;
Tweedy O.V., Limpasuvan V., Orsolini Y.J., Smith A.K., Garcia R.R., Kinnison D., Randall C.E., Kvissel O.-K., Stordal F., Harvey V.L., Chandran A.;2013;Journal of Geophysical Research Atmospheres;3
Raye G.D., Jorgensen S.J., Krumhansl K., Ezcurra J.M., Block B.A.;2013;Proceedings of the Royal Society B: Biological Sciences;1
Menzel S., Kappel C.V., Broitman B.R., Micheli F., Rosenberg A.A.;2013;Aquatic Conservation: Marine and Freshwater Ecosystems;3
Kroeker K.J., Gambi M.C., Micheli F.;2013;Proceedings of the National Academy of Sciences of the United States of America;16
Voskoboynik A., Neff N.F., Sahoo D., Newman A.M., Pushkarev D., Koh W., Passarelli B., Fan H.C., Mantalas G.L., Palmeri K.J., Ishizuka K.J., Gissi C., Griggio F., Ben-Shlomo R., Corey D.M., Penland L., White R.A., Weissman I.L., Quake S.R.;2013;eLife;42
Heino M., Baulier L., Boukal D.S., Ernande B., Johnston F.D., Mollet F.M., Pardoe H., Therkildsen N.O., Uusi-Heikkila S., Vainikka A., Arlinghaus R., Dankel D.J., Dunlop E.S., Eikeset A.M., Enberg K., Engelhard G.H., Jorgensen C., Laugen A.T., Matsumura S., Nussle S., Urbach D., Whitlock R., Rijnsdorp A.D., Dieckmann U.;2013;ICES Journal of Marine Science;20
Young H.S., McCauley D.J., Guevara R., Dirzo R.;2013;Oecologia;3
Pespeni M.H., Palumbi S.R.;2013;Molecular Ecology;5
Hoving H.-J.T., Gilly W.F., Markaida U., Benoit-Bird K.J., -Brown Z.W., Daniel P., Field J.C., Parassenti L., Liu B., Campos B.;2013;Global Change Biology;14
Jayasundara N., Healy T.M., Somero G.N.;2013;Polar Biology;3
Hayes A.G., Lorenz R.D., Donelan M.A., Manga M., Lunine J.I., Schneider T., Lamb M.P., Mitchell J.M., Fischer W.W., Graves S.D., Tolman H.L., Aharonson O., Encrenaz P.J., Ventura B., Casarano D., Notarnicola C.;2013;Icarus;9
Fisher N.S., Beaugelin-Seiller K., Hinton T.G., Baumann Z., Madigan D.J., Garnier-Laplace J.;2013;Proceedings of the National Academy of Sciences of the United States of America;23
Michelou V.K., Caporaso J.G., Knight R., Palumbi S.R.;2013;PLoS ONE;5
Brown C.H., Mohr D.C., Gallo C.G., Mader C., Palinkas L., Wingood G., Prado G., Kellam S.G., Pantin H., Poduska J., Gibbons R., McManus J., Ogihara M., Valente T., Wulczyn F., Czaja S., Sutcliffe G., Villamar J., Jacobs C.;2013;Journal of Acquired Immune Deficiency Syndromes;12
Miller L.P.;2013;Marine Biology;4
Chapple T.K., Botsford L.W.;2013;Conservation Biology;
Yao C.-L., Somero G.N.;2013;Comparative Biochemistry and Physiology - A Molecular and Integrative Physiology;4
Kultz D., Clayton D.F., Robinson G.E., Albertson C., Carey H.V., Cummings M.E., Dewar K., Edwards S.V., Hofmann H.A., Gross L.J., Kingsolver J.G., Meaney M.J., Schlinger B.A., Shingleton A.W., Sokolowski M.B., Somero G.N., Stanzione D.C., Todgham A.E.;2013;BioScience;8
De Wit P., Palumbi S.R.;2013;Molecular Ecology;33
Jayasundara N., Somero G.N.;2013;Journal of Experimental Biology;4
Rosman J.H., Denny M.W., Zeller R.B., Monismith S.G., Koseff J.R.;2013;Limnology and Oceanography;
Ewen-Campen B., Donoughe S., Clarke D.N., Extavour C.G.;2013;Current Biology;12
Maxwell S.M., Morgan L.E.;2013;Marine Ecology Progress Series;4
Hong Y.-S., Hull P., Rifkin E., Bouwer E.J.;2013;Environmental Toxicology and Chemistry;7
Fujita R., Lynham J., Micheli F., Feinberg P.G., Bourillon L., Saenz-Arroyo A., Markham A.C.;2013;Biological Reviews;9
Therkildsen N.O., Hemmer-Hansen J., Als T.D., Swain D.P., Morgan M.J., Trippel E.A., Palumbi S.R., Meldrup D., Nielsen E.E.;2013;Molecular Ecology;14
Kavanaugh M.T., Holtgrieve G.W., Baulch H., Brum J.R., Cuvelier M.L., Filstrup T., Nickols K.J., Small G.E.;2013;Limnology and Oceanography Bulletin;1
MacDonald L.H., Paull J.S., Jaffe P.R.;2013;Environmental Monitoring and Assessment;3
Zhang Q., Brady D.C., Ball W.P.;2013;Science of the Total Environment;3
Somero G.N.;2013;Journal of Experimental Biology;
Haupt A.J., Micheli F., Palumbi S.R.;2013;Journal of Heredity;5
Kim T.W., Micheli F.;2013;Biofouling;1
Webster S.E., Walls J.M., Whitcomb L.L., Eustice R.M.;2013;IEEE Transactions on Robotics;13
Gaylord B., Hodin J., Ferner M.C.;2013;Proceedings of the National Academy of Sciences of the United States of America;10
Pespeni M.H., Sanford E., Gaylord B., Hill T.M., Hosfelt J.D., Jaris H.K., LaVigne M., Lenz E.A., Russell A.D., Young M.K., Palumbi S.R.;2013;Proceedings of the National Academy of Sciences of the United States of America;67
Micheli F., Levin N., Giakoumi S., Katsanevakis S., Abdulla A., Coll M., Fraschetti S., Kark S., Koutsoubas D., Mackelworth P., Maiorano L., Possingham H.P.;2013;PLoS ONE;24
Rossetto M., De Leo G.A., Greenley A., Vazquez L., Saenz-Arroyo A., Montes J.A.E., Micheli F.;2013;Journal of Shellfish Research;1
Brette F., Blandin E., Simard C., Guinamard R., Salle L.;2013;Journal of Molecular and Cellular Cardiology;4
Bay R.A., Bielawski J.P.;2013;Journal of Molecular Evolution;
Hogstrom U., Rutgersson A., Sahlee E., Smedman A.-S., Hristov T.S., Drennan W.M., Kahma K.K.;2013;Boundary-Layer Meteorology;7
Aguirre J.D., Clark H.M., McIlvin M., Vazquez C., Palmere S.L., Grab D.J., Seshu J., Hart P.J., Saito M., Culotta V.C.;2013;Journal of Biological Chemistry;16
Tanhua T., Waugh D.W., Bullister J.L.;2013;Geophysical Research Letters;4
Bolzoni L., De Leo G.A.;2013;American Naturalist;4
Madigan D.J., Baumann Z., Snodgrass O.E., Ergul H.A., Dewar H., Fisher N.S.;2013;Environmental Science and Technology;8
Young H.S., Mccauley D.J., Dunbar R.B., Hutson M.S., Ter-Kuile A.M., Dirzo R.;2013;Ecology;3
Hazen E.L., Jorgensen S., Rykaczewski R.R., Bograd S.J., Foley D.G., Jonsen I.D., Shaffer S.A., Dunne J.P., Costa D.P., Crowder L.B., Block B.A.;2013;Nature Climate Change;40
Marteinsson V.T., Runarsson A., Stefansson A., Thorsteinsson T., Johannesson T., Magnusson S.H., Reynisson E., Einarsson B., Wade N., Morrison H.G., Gaidos E.;2013;ISME Journal;16
Gaither M.R., Aeby G., Vignon M., Meguro Y.-I., Rigby M., Runyon C., Toonen R.J., Wood C.L., Bowen B.W.;2013;PLoS ONE;5
Green S.A., Norris R.P., Terasak M., Lowe C.J.;2013;Development (Cambridge);10
Kroeker K.J., Micheli F., Gambi M.C.;2013;Nature Climate Change;42
McLeod E., Anthony K.R.N., Andersson A., Beeden R., Golbuu Y., Kleypas J., Kroeker K., Manzello D., Salm R.V., Schuttenberg H., Smith J.E.;2013;Frontiers in Ecology and the Environment;7
Cordioli M., Vincenzi S., De Leo G.A.;2013;Science of the Total Environment;3
Dowd W.W., Somero G.N.;2013;Journal of Experimental Biology;8
Sorte C.J.B., Ibanez I., Blumenthal D.M., Molinari N.A., Miller L.P., Grosholz E.D., Diez J.M., D'Antonio C.M., Olden J.D., Jones S.J., Dukes J.S.;2013;Ecology Letters;38
Ferretti F., Osio G.C., Jenkins C.J., Rosenberg A.A., Lotze H.K.;2013;Scientific Reports;8
Barshis D.J., Ladner J.T., Oliver T.A., Seneca F.O., Traylor-Knowles N., Palumbi S.R.;2013;Proceedings of the National Academy of Sciences of the United States of America;69
Teo S.L.H., Sandstrom P.T., Chapman E.D., Null R.E., Brown K., Klimley A.P., Block B.A.;2013;Environmental Biology of Fishes;5
Rinkevich Y., Voskoboynik A., Rosner A., Rabinowitz C., Paz G., Oren M., Douek J., Alfassi G., Moiseeva E., Ishizuka K.J., Palmeri K.J., Weissman I.L., Rinkevich B.;2013;Developmental Cell;17
Staaf D.J., Redfern J.V., Gilly W.F., Watson W., Ballance L.T.;2013;Fishery Bulletin;5
Thums M., Meekan M., Stevens J., Wilson S., Polovina J.;2013;Journal of the Royal Society Interface;11
Gilly W.F., Michael Beman J., Litvin S.Y., Robison B.H.;2013;Annual Review of Marine Science;27
Lopez R., Lopez J.M., Morell J., Corredor J.E., Del Castillo C.E.;2013;Journal of Geophysical Research: Oceans;
Fujita R., Moxley J.H., DeBey H., Van Leuvan T., Leumer A., Honey K., Aguilera S., Foley M.;2013;Marine Policy;5
Padilla-Gamino J.L., Bidigare R.R., Barshis D.J., Alamaru A., Hedouin L., Hernandez-Pech X., Kandel F., Leon Soon S., Roth M.S., Rodrigues L.J., Grottoli A.G., Portocarrero C., Wagenhauser S.A., Buttler F., Gates R.D.;2013;Coral Reefs;7
Ruegg K., Rosenbaum H.C., Anderson E.C., Engel M., Rothschild A., Baker C.S., Palumbi S.R.;2013;Conservation Genetics;4
Cordioli M., Ranzi A., De Leo G.A., Lauriola P.;2013;Journal of Environmental and Public Health;4
Voskoboynik A., Newman A.M., Corey D.M., Sahoo D., Pushkarev D., Neff N.F., Passarelli B., Koh W., Ishizuka K.J., Palmeri K.J., Dimov I.K., Keasar C., Fan H.C., Mantalas G.L., Sinha R., Penland L., Quake S.R., Weissman I.L.;2013;Science;13
Quadroni S., Galassi S., Capoccioni F., Ciccotti E., Grandi G., De Leo G.A., Bettinetti R.;2013;Ecotoxicology;9
Di Franco A., Coppini G., Pujolar J.M., de Leo G.A., Gatto M., Lyubartsev V., Melia P., Zane L., Guidetti P.;2012;PLoS ONE;11
Stewart J.S., Hazen E.L., Foley D.G., Bograd S.J., Gilly W.F.;2012;Marine Ecology Progress Series;8
Camilli R., Di Iorio D., Bowen A., Reddy C.M., Techet A.H., Yoerger D.R., Whitcomb L.L., Seewald J.S., Sylva S.P., Fenwick J.;2012;Proceedings of the National Academy of Sciences of the United States of America;18
Swezey R.R., Epel D.;2012;Guide to Electroporation and Electrofusion;1
Greenley A.P., Munguia-Vega A., Saenz-Arroyo A., Micheli F.;2012;Conservation Genetics Resources;
Kittinger J.N., Finkbeiner E.M., Glazier E.W., Crowder L.B.;2012;Ecology and Society;13
Yao C.-L., Somero G.N.;2012;Journal of Experimental Biology;8
Denny M., Benedetti-Cecchi L.;2012;Annual Review of Ecology, Evolution, and Systematics;8
Greenley A.P., Muguia-Vega A., Saenz-Arroyo A., Micheli F.;2012;Conservation Genetics Resources;11
Ladner J.T., Barshis D.J., Palumbi S.R.;2012;BMC Evolutionary Biology;16
Madigan D.J., Litvin S.Y., Popp B.N., Carlisle A.B., Farwell C.J., Block B.A.;2012;PLoS ONE;20
Albertin C.B., Bonnaud L., Brown C.T., Crookes-Goodson W.J., da Fonseca R.R., Di Cristo C., Dilkes B.P., Edsinger-Gonzales E., Freeman Jr. R.M., Hanlon R.T., Koenig K.M., Lindgren A.R., Martindale M.Q., Minx P., Moroz L.L., Nodl M.-T., Nyholm S.V., Ogura A., Pungor J.R., Rosenthal J.J.C., Schwarz E.M., Shigeno S., Strugnell J.M., Wollesen T., Zhang G., Ragsdale C.W.;2012;Standards in Genomic Sciences;13
Freeman R., Ikuta T., Wu M., Koyanagi R., Kawashima T., Tagawa K., Humphreys T., Fang G.-C., Fujiyama A., Saiga H., Lowe C., Worley K., Jenkins J., Schmutz J., Kirschner M., Rokhsar D., Satoh N., Gerhart J.;2012;Current Biology;13
De Wit P., Pespeni M.H., Ladner J.T., Barshis D.J., Seneca F., Jaris H., Therkildsen N.O., Morikawa M., Palumbi S.R.;2012;Molecular Ecology Resources;49
Jorgensen S.J., Arnoldi N.S., Estess E.E., Chapple T.K., Ruckert M., Anderson S.D., Block B.A.;2012;PLoS ONE;5
Madigan D.J., Carlisle A.B., Dewar H., Snodgrass O.E., Litvin S.Y., Micheli F., Block B.A.;2012;Scientific Reports;14
Gardner L.D., Jayasundara N., Castilho P.C., Block B.;2012;BMC Genomics;3
Palmer C.V., Traylor-Knowles N.;2012;Proceedings of the Royal Society B: Biological Sciences;14
Wilson G.S., Levy R.H., Naish T.R., Powell R.D., Florindo F., Ohneiser C., Sagnotti L., Winter D.M., Cody R., Henrys S., Ross J., Krissek L., Niessen F., Pompillio M., Scherer R., Alloway B.V., Barrett P.J., Brachfeld S., Browne G., Carter L., Cowan E., Crampton J., DeConto R.M., Dunbar G., Dunbar N., Dunbar R., von Eynatten H., Gebhardt C., Giorgetti G., Graham I., Hannah M., Hansaraj D., Harwood D.M., Hinnov L., Jarrard R.D., Joseph L., Kominz M., Kuhn G., Kyle P., Laufer A., McIntosh W.C., McKay R., Maffioli P., Magens D., Millan C., Monien D., Morin R., Paulsen T., Persico D., Pollard D., Raine J.I., Riesselman C., Sandroni S., Schmitt D., Sjunneskog C., Strong C.P., Talarico F., Taviani M., Villa G., Vogel S., Wilch T., Williams T., Wilson T.J., Wise S.;2012;Global and Planetary Change;7
Johnson C.N., Bowers J.C., Griffitt K.J., Molina V., Clostio R.W., Pei S., Laws E., Paranjpye R.N., Strom M.S., Chen A., Hasan N.A., Huq A., Noriea N.F., Grimes D.J., Colwell R.R.;2012;Applied and Environmental Microbiology;35
Mueller I.A., Devor D.P., Grim J.M., Beers J.M., Crockett E.L., O'Brien K.M.;2012;Journal of Experimental Biology;12
Bauer G.B., Gaspard Iii J.C., Colbert D.E., Leach J.B., Stamper S.A., Mann D., Reep R.;2012;Marine Mammal Science;5
Lockwood B.L., Somero G.N.;2012;Molecular Biology and Evolution;13
Gilly W.F., Zeidberg L.D., Booth J.A.T., Stewart J.S., Marshall G., Abernathy K., Bell L.E.;2012;Journal of Experimental Biology;13
McCauley D.J., Young H.S., Dunbar R.B., Estes J.A., Semmens B.X., Micheli F.;2012;Ecological Applications;26
Halpern B.S., Longo C., Hardy D., McLeod K.L., Samhouri J.F., Katona S.K., Kleisner K., Lester S.E., Oleary J., Ranelletti M., Rosenberg A.A., Scarborough C., Selig E.R., Best B.D., Brumbaugh D.R., Chapin F.S., Crowder L.B., Daly K.L., Doney S.C., Elfes C., Fogarty M.J., Gaines S.D., Jacobsen K.I., Karrer L.B., Leslie H.M., Neeley E., Pauly D., Polasky S., Ris B., St Martin K., Stone G.S., Rashid Sumaila U., Zeller D.;2012;Nature;127
Booth J.A.T., McPhee-Shaw E.E., Chua P., Kingsley E., Denny M., Phillips R., Bograd S.J., Zeidberg L.D., Gilly W.F.;2012;Continental Shelf Research;19
Parravicini V., Rovere A., Vassallo P., Micheli F., Montefalcone M., Morri C., Paoli C., Albertelli G., Fabiano M., Bianchi C.N.;2012;Ecological Indicators;24
Williams B.L., Hanifin C.T., Brodie Jr. E.D., Brodie III E.D.;2012;Chemoecology;5
Micheli F., Saenz-Arroyo A., Greenley A., Vazquez L., Espinoza Montes J.A., Rossetto M., de Leo G.A.;2012;PLoS ONE;45
Puill-Stephan E., Seneca F.O., Miller D.J., van Oppen M.J.H., Willis B.L.;2012;PLoS ONE;5
Amend A.S., Barshis D.J., Oliver T.A.;2012;ISME Journal;12
Webster S.E., Eustice R.M., Singh H., Whitcomb L.L.;2012;International Journal of Robotics Research;29
Rottinger E., Lowe C.J.;2012;Development (Cambridge);16
O'Connor M.I., Selig E.R., Pinsky M.L., Altermatt F.;2012;Global Ecology and Biogeography;16
Jakobsson M., Mayer L., Coakley B., Dowdeswell J.A., Forbes S., Fridman B., Hodnesdal H., Noormets R., Pedersen R., Rebesco M., Schenke H.W., Zarayskaya Y., Accettella D., Armstrong A., Anderson R.M., Bienhoff P., Camerlenghi A., Church I., Edwards M., Gardner J.V., Hall J.K., Hell B., Hestvik O., Kristoffersen Y., Marcussen C., Mohammad R., Mosher D., Nghiem S.V., Pedrosa M.T., Travaglini P.G., Weatherall P.;2012;Geophysical Research Letters;109
Dale J.J., Holland K.N.;2012;Marine and Freshwater Research;5
Martone R.G., Micheli F.;2012;Marine Ecology Progress Series;3
Methe B.A., Nelson K.E., Pop M., Creasy H.H., Giglio M.G., Huttenhower C., Gevers D., Petrosino J.F., Abubucker S., Badger J.H., Chinwalla A.T., Earl A.M., Fitzgerald M.G., Fulton R.S., Hallsworth-Pepin K., Lobos E.A., Madupu R., Magrini V., Martin J.C., Mitreva M., Muzny D.M., Sodergren E.J., Versalovic J., Wollam A.M., Worley K.C., Wortman J.R., Young S.K., Zeng Q., Aagaard K.M., Abolude O.O., Allen-Vercoe E., Alm E.J., Alvarado L., Andersen G.L., Anderson S., Appelbaum E., Arachchi H.M., Armitage G., Arze C.A., Ayvaz T., Baker C.C., Begg L., Belachew T., Bhonagiri V., Bihan M., Blaser M.J., Bloom T., Bonazzi V.R., Brooks P., Buck G.A., Buhay C.J., Busam D.A., Campbell J.L., Canon S.R., Cantarel B.L., Chain P.S., Chen I.-M.A., Chen L., Chhibba S., Chu K., Ciulla D.M., Clemente J.C., Clifton S.W., Conlan S., Crabtree J., Cutting M.A., Davidovics N.J., Davis C.C., Desantis T.Z., Deal C., Delehaunty K.D., Dewhirst F.E., Deych E., Ding Y., Dooling D.J., Dugan S.P., Michael Dunne W., Scott Durkin A., Edgar R.C., Erlich R.L., Farmer C.N., Farrell R.M., Faust K., Feldgarden M., Felix V.M., Fisher S., Fodor A.A., Forney L., Foster L., Di Francesco V., Friedman J., Friedrich D.C., Fronick C.C., Fulton L.L., Gao H., Garcia N., Giannoukos G., Giblin C., Giovanni M.Y., Goldberg J.M., Goll J., Gonzalez A., Griggs A., Gujja S., Haas B.J., Hamilton H.A., Harris E.L., Hepburn T.A., Herter B., Hoffmann D.E., Holder M.E., Howarth C., Huang K.H., Huse S.M., Izard J., Jansson J.K., Jiang H., Jordan C., Joshi V., Katancik J.A., Keitel W.A., Kelley S.T., Kells C., Kinder-Haake S., King N.B., Knight R., Knights D., Kong H.H., Koren O., Koren S., Kota K.C., Kovar C.L., Kyrpides N.C., La Rosa P.S., Lee S.L., Lemon K.P., Lennon N., Lewis C.M., Lewis L., Ley R.E., Li K., Liolios K., Liu B., Liu Y., Lo C.-C., Lozupone C.A., Dwayne Lunsford R., Madden T., Mahurkar A.A., Mannon P.J., Mardis E.R., Markowitz V.M., Mavrommatis K., McCorrison J.M., McDonald D., McEwen J., McGuire A.L., McInnes P., Mehta T., Mihindukulasuriya K.A., Miller J.R., Minx P.J., Newsham I., Nusbaum C., O'Laughlin M., Orvis J., Pagani I., Palaniappan K., Patel S.M., Pearson M., Peterson J., Podar M., Pohl C., Pollard K.S., Priest M.E., Proctor L.M., Qin X., Raes J., Ravel J., Reid J.G., Rho M., Rhodes R., Riehle K.P., Rivera M.C., Rodriguez-Mueller B., Rogers Y.-H., Ross M.C., Russ C., Sanka R.K., Sankar P., Fah Sathirapongsasuti J., Schloss J.A., Schloss P.D., Schmidt T.M., Scholz M., Schriml L., Schubert A.M., Segata N., Segre J.A., Shannon W.D., Sharp R.R., Sharpton T.J., Shenoy N., Sheth N.U., Simone G.A., Singh I., Smillie C.S., Sobel J.D., Sommer D.D., Spicer P., Sutton G.G., Sykes S.M., Tabbaa D.G., Thiagarajan M., Tomlinson C.M., Torralba M., Treangen T.J., Truty R.M., Vishnivetskaya T.A., Walker J., Wang L., Wang Z., Ward D.V., Warren W., Watson M.A., Wellington C., Wetterstrand K.A., White J.R., Wilczek-Boney K., Qing Wu Y., Wylie K.M., Wylie T., Yandava C., Ye L., Ye Y., Yooseph S., Youmans B.P., Zhang L., Zhou Y., Zhu Y., Zoloth L., Zucker J.D., Birren B.W., Gibbs R.A., Highlander S.K., Weinstock G.M., Wilson R.K., White O.;2012;Nature;380
McCauley D.J., Desalles P.A., Young H.S., Dunbar R.B., Dirzo R., Mills M.M., Micheli F.;2012;Scientific Reports;12
Huttenhower C., Gevers D., Knight R., Abubucker S., Badger J.H., Chinwalla A.T., Creasy H.H., Earl A.M., Fitzgerald M.G., Fulton R.S., Giglio M.G., Hallsworth-Pepin K., Lobos E.A., Madupu R., Magrini V., Martin J.C., Mitreva M., Muzny D.M., Sodergren E.J., Versalovic J., Wollam A.M., Worley K.C., Wortman J.R., Young S.K., Zeng Q., Aagaard K.M., Abolude O.O., Allen-Vercoe E., Alm E.J., Alvarado L., Andersen G.L., Anderson S., Appelbaum E., Arachchi H.M., Armitage G., Arze C.A., Ayvaz T., Baker C.C., Begg L., Belachew T., Bhonagiri V., Bihan M., Blaser M.J., Bloom T., Bonazzi V., Paul Brooks J., Buck G.A., Buhay C.J., Busam D.A., Campbell J.L., Canon S.R., Cantarel B.L., Chain P.S.G., Chen I.-M.A., Chen L., Chhibba S., Chu K., Ciulla D.M., Clemente J.C., Clifton S.W., Conlan S., Crabtree J., Cutting M.A., Davidovics N.J., Davis C.C., Desantis T.Z., Deal C., Delehaunty K.D., Dewhirst F.E., Deych E., Ding Y., Dooling D.J., Dugan S.P., Michael Dunne W., Scott Durkin A., Edgar R.C., Erlich R.L., Farmer C.N., Farrell R.M., Faust K., Feldgarden M., Felix V.M., Fisher S., Fodor A.A., Forney L.J., Foster L., Di Francesco V., Friedman J., Friedrich D.C., Fronick C.C., Fulton L.L., Gao H., Garcia N., Giannoukos G., Giblin C., Giovanni M.Y., Goldberg J.M., Goll J., Gonzalez A., Griggs A., Gujja S., Kinder Haake S., Haas B.J., Hamilton H.A., Harris E.L., Hepburn T.A., Herter B., Hoffmann D.E., Holder M.E., Howarth C., Huang K.H., Huse S.M., Izard J., Jansson J.K., Jiang H., Jordan C., Joshi V., Katancik J.A., Keitel W.A., Kelley S.T., Kells C., King N.B., Knights D., Kong H.H., Koren O., Koren S., Kota K.C., Kovar C.L., Kyrpides N.C., La Rosa P.S., Lee S.L., Lemon K.P., Lennon N., Lewis C.M., Lewis L., Ley R.E., Li K., Liolios K., Liu B., Liu Y., Lo C.-C., Lozupone C.A., Dwayne Lunsford R., Madden T., Mahurkar A.A., Mannon P.J., Mardis E.R., Markowitz V.M., Mavromatis K., McCorrison J.M., McDonald D., McEwen J., McGuire A.L., McInnes P., Mehta T., Mihindukulasuriya K.A., Miller J.R., Minx P.J., Newsham I., Nusbaum C., Oglaughlin M., Orvis J., Pagani I., Palaniappan K., Patel S.M., Pearson M., Peterson J., Podar M., Pohl C., Pollard K.S., Pop M., Priest M.E., Proctor L.M., Qin X., Raes J., Ravel J., Reid J.G., Rho M., Rhodes R., Riehle K.P., Rivera M.C., Rodriguez-Mueller B., Rogers Y.-H., Ross M.C., Russ C., Sanka R.K., Sankar P., Fah Sathirapongsasuti J., Schloss J.A., Schloss P.D., Schmidt T.M., Scholz M., Schriml L., Schubert A.M., Segata N., Segre J.A., Shannon W.D., Sharp R.R., Sharpton T.J., Shenoy N., Sheth N.U., Simone G.A., Singh I., Smillie C.S., Sobel J.D., Sommer D.D., Spicer P., Sutton G.G., Sykes S.M., Tabbaa D.G., Thiagarajan M., Tomlinson C.M., Torralba M., Treangen T.J., Truty R.M., Vishnivetskaya T.A., Walker J., Wang L., Wang Z., Ward D.V., Warren W., Watson M.A., Wellington C., Wetterstrand K.A., White J.R., Wilczek-Boney K., Wu Y., Wylie K.M., Wylie T., Yandava C., Ye L., Ye Y., Yooseph S., Youmans B.P., Zhang L., Zhou Y., Zhu Y., Zoloth L., Zucker J.D., Birren B.W., Gibbs R.A., Highlander S.K., Methe B.A., Nelson K.E., Petrosino J.F., Weinstock G.M., Wilson R.K., White O.;2012;Nature;1068
McCauley D.J., Hoffmann E., Young H.S., Micheli F.;2012;PLoS ONE;5
Schmidt J.M., Flatau P.J., Harasti P.R., Yates R.D., Littleton R., Pritchard M.S., Fischer J.M., Fischer E.J., Kohri W.J., Vetter J.R., Richman S., Baranowski D.B., Anderson M.J., Fletcher E., Lando D.W.;2012;Proceedings of the National Academy of Sciences of the United States of America;2
Madigan D.J., Baumann Z., Fisher N.S.;2012;Proceedings of the National Academy of Sciences of the United States of America;34
Papastamatiou Y.P., DeSalles P.A., McCauley D.J.;2012;Marine Ecology Progress Series;13
Alexanderian A., Winokur J., Sraj I., Srinivasan A., Iskandarani M., Thacker W.C., Knio O.M.;2012;Computational Geosciences;10
Pinsky M.L., Palumbi S.R., Andrefouet S., Purkis S.J.;2012;Ecological Applications;25
Guerry A.D., Ruckelshaus M.H., Arkema K.K., Bernhardt J.R., Guannel G., Kim C.-K., Marsik M., Papenfus M., Toft J.E., Verutes G., Wood S.A., Beck M., Chan F., Chan K.M.A., Gelfenbaum G., Gold B.D., Halpern B.S., Labiosa W.B., Lester S.E., Levin P.S., McField M., Pinsky M.L., Plummer M., Polasky S., Ruggiero P., Sutherland D.A., Tallis H., Day A., Spencer J.;2012;International Journal of Biodiversity Science, Ecosystems Services and Management;31
Benoit-Bird K.J., Gilly W.F.;2012;Marine Ecology Progress Series;12
Bevacqua D., Capoccioni F., Melia P., Vincenzi S., Pujolar J.M., de Leo G.A., Ciccotti E.;2012;PLoS ONE;5
Hong J., Talapatra S., Katz J., Tester P.A., Waggett R.J., Place A.R.;2012;PLoS ONE;11
Bailey H., Fossette S., Bograd S.J., Shillinger G.L., Swithenbank A.M., Georges J.-Y., Gaspar P., Stromberg K.H.P., Paladino F.V., Spotila J.R., Block B.A., Hays G.C.;2012;PLoS ONE;9
Alter S.E., Newsome S.D., Palumbi S.R.;2012;PLoS ONE;19
Brearley J.A., Pickart R.S., Valdimarsson H., Jonsson S., Schmitt R.W., Haine T.W.N.;2012;Deep-Sea Research Part I: Oceanographic Research Papers;13
Martone P.T., Kost L., Boller M.;2012;American Journal of Botany;11
Whitlock R.E., McAllister M.K., Block B.A.;2012;Fisheries Research;10
Ladner J.T., Palumbi S.R.;2012;Molecular Ecology;26
Villanueva R., Staaf D.J., Arguelles J., Bozzano A., Camarillo-Coop S., Nigmatullin C.M., Petroni G., Quintana D., Sakai M., Sakurai Y., Salinas-Zavala C.A., De Silva-Davila R., Tafur R., Yamashiro C., Vidal E.A.G.;2012;Aquaculture;6
Pespeni M.H., Garfield D.A., Manier M.K., Palumbi S.R.;2012;Proceedings of the Royal Society B: Biological Sciences;18
Bailey H., Benson S.R., Shillinger G.L., Bograd S.J., Dutton P.H., Eckert S.A., Morreale S.J., Paladino F.V., Eguchi T., Foley D.G., Block B.A., Piedra R., Hitipeuw C., Tapilatu R.F., Spotila J.R.;2012;Ecological Applications;12
Kimes N.E., Grim C.J., Johnson W.R., Hasan N.A., Tall B.D., Kothary M.H., Kiss H., Munk A.C., Tapia R., Green L., Detter C., Bruce D.C., Brettin T.S., Colwell R.R., Morris P.J.;2012;ISME Journal;26
Klionsky D.J., Abdalla F.C., Abeliovich H., Abraham R.T., Acevedo-Arozena A., Adeli K., Agholme L., Agnello M., Agostinis P., Aguirre-Ghiso J.A., Ahn H.J., Ait-Mohamed O., Ait-Si-Ali S., Akematsu T., Akira S., Al-Younes H.M., Al-Zeer M.A., Albert M.L., Albin R.L., Alegre-Abarrategui J., Aleo M.F., Alirezaei M., Almasan A., Almonte-Becerril M., Amano A., Amaravadi R., Amarnath S., Amer A.O., Andrieu-Abadie N., Anantharam V., Ann D.K., Anoopkumar-Dukie S., Aoki H., Apostolova N., Arancia G., Aris J.P., Asanuma K., Asare N.Y.O., Ashida H., Askanas V., Askew D.S., Auberger P., Baba M., Backues S.K., Baehrecke E.H., Bahr B.A., Bai X.-Y., Bailly Y., Baiocchi R., Baldini G., Balduini W., Ballabio A., Bamber B.A., Bampton E.T.W., Banhegyi G., Bartholomew C.R., Bassham D.C., Bast Jr. R.C., Batoko H., Bay B.-H., Beau I., Bechet D.M., Begley T.J., Behl C., Behrends C., Bekri S., Bellaire B., Bendall L.J., Benetti L., Berliocchi L., Bernardi H., Bernassola F., Besteiro S., Bhatia-Kissova I., Bi X., Biard-Piechaczyk M., Blum J.S., Boise L.H., Bonaldo P., Boone D.L., Bornhauser B.C., Bortoluci K.R., Bossis I., Bost F., Bourquin J.-P., Boya P., Boyer-Guittaut M., Bozhkov P.V., Brady N.R., Brancolini C., Brech A., Brenman J.E., Brennand A., Bresnick E.H., Brest P., Bridges D., Bristol M.L., Brookes P.S., Brown E.J., Brumell J.H., Brunetti-Pierri N., Brunk U.T., Bulman D.E., Bultman S.J., Bultynck G., Burbulla L.F., Bursch W., Butchar J.P., Buzgariu W., Bydlowski S.P., Cadwell K., Cahova M., Cai D., Cai J., Cai Q., Calabretta B., Calvo-Garrido J., Camougrand N., Campanella M., Campos-Salinas J., Candi E., Cao L., Caplan A.B., Carding S.R., Cardoso S.M., Carew J.S., Carlin C.R., Carmignac V., Carneiro L.A.M., Carra S., Caruso R.A., Casari G., Casas C., Castino R., Cebollero E., Cecconi F., Celli J., Chaachouay H., Chae H.-J., Chai C.-Y., Chan D.C., Chan E.Y., Chang R.C.-C., Che C.-M., Chen C.-C., Chen G.-C., Chen G.-Q., Chen M., Chen Q., Chen S.S.-L., Chen W., Chen X., Chen X., Chen X., Chen Y.-G., Chen Y., Chen Y., Chen Y.-J., Chen Z., Cheng A., Cheng C.H.K., Cheng Y., Cheong H., Cheong J.-H., Cherry S., Chess-Williams R., Cheung Z.H., Chevet E., Chiang H.-L., Chiarelli R., Chiba T., Chin L.-S., Chiou S.-H., Chisari F.V., Cho C.H., Cho D.-H., Choi A.M.K., Choi D., Choi K.S., Choi M.E., Chouaib S., Choubey D., Choubey V., Chu C.T., Chuang T.-H., Chueh S.-H., Chun T., Chwae Y.-J., Chye M.-L., Ciarcia R., Ciriolo M.R., Clague M.J., Clark R.S.B., Clarke P.G.H., Clarke R., Codogno P., Coller H.A., Colombo M.I., Comincini S., Condello M., Condorelli F., Cookson M.R., Coombs G.H., Coppens I., Corbalan R., Cossart P., Costelli P., Costes S., Coto-Montes A., Couve E., Coxon F.P., Cregg J.M., Crespo J.L., Cronje M.J., Cuervo A.M., Cullen J.J., Czaja M.J., D'Amelio M., Darfeuille-Michaud A., Davids L.M., Davies F.E., De Felici M., De Groot J.F., De Haan C.A.M., De Martino L., De Milito A., De Tata V., Debnath J., Degterev A., Dehay B., Delbridge L.M.D., Demarchi F., Deng Y.Z., Dengjel J., Dent P., Denton D., Deretic V., Desai S.D., Devenish R.J., Di Gioacchino M., Di Paolo G., Di Pietro C., Diaz-Araya G., Diaz-Laviada I., Diaz-Meco M.T., Diaz-Nido J., Dikic I., Dinesh-Kumar S.P., Ding W.-X., Distelhorst C.W., Diwan A., Djavaheri-Mergny M., Dokudovskaya S., Dong Z., Dorsey F.C., Dosenko V., Dowling J.J., Doxsey S., Dreux M., Drew M.E., Duan Q., Duchosal M.A., Duff K., Dugail I., Durbeej M., Duszenko M., Edelstein C.L., Edinger A.L., Egea G., Eichinger L., Eissa N.T., Ekmekcioglu S., El-Deiry W.S., Elazar Z., Elgendy M., Ellerby L.M., Er Eng K., Engelbrecht A.-M., Engelender S., Erenpreisa J., Escalante R., Esclatine A., Eskelinen E.-L., Espert L., Espina V., Fan H., Fan J., Fan Q.-W., Fan Z., Fang S., Fang Y., Fanto M., Fanzani A., Farkas T., Farre J.-C., Faure M., Fechheimer M., Feng C.G., Feng J., Feng Q., Feng Y., Fesus L., Feuer R., Figueiredo-Pereira M.E., Fimia G.M., Fingar D.C., Finkbeiner S., Finkel T., Finley K.D., Fiorito F., Fisher E.A., Fisher P.B., Flajolet M., Florez-McClure M.L., Florio S., Fon E.A., Fornai F., Fortunato F., Fotedar R., Fowler D.H., Fox H.S., Franco R., Frankel L.B., Fransen M., Fuentes J.M., Fueyo J., Fujii J., Fujisaki K., Fujita E., Fukuda M., Furukawa R.H., Gaestel M., Gailly P., Gajewska M., Galliot B., Galy V., Ganesh S., Ganetzky B., Ganley I.G., Gao F.-B., Gao G.F., Gao J., Garcia L., Garcia-Manero G., Garcia-Marcos M., Garmyn M., Gartel A.L., Gatti E., Gautel M., Gawriluk T.R., Gegg M.E., Geng J., Germain M., Gestwicki J.E., Gewirtz D.A., Ghavami S., Ghosh P., Giammarioli A.M., Giatromanolaki A.N., Gibson S.B., Gilkerson R.W., Ginger M.L., Ginsberg H.N., Golab J., Goligorsky M.S., Golstein P., Gomez-Manzano C., Goncu E., Gongora C., Gonzalez C.D., Gonzalez R., Gonzalez-Estevez C., Gonzalez-Polo R.A., Gonzalez-Rey E., Gorbunov N.V., Gorski S., Goruppi S., Gottlieb R.A., Gozuacik D., Granato G.E., Grant G.D., Green K.N., Gregorc A., Gros F., Grose C., Grunt T.W., Gual P., Guan J.-L., Guan K.-L., Guichard S.M., Gukovskaya A.S., Gukovsky I., Gunst J., Gustafsson A.B., Halayko A.J., Hale A.N., Halonen S.K., Hamasaki M., Han F., Han T., Hancock M.K., Hansen M., Harada H., Harada M., Hardt S.E., Harper J.W., Harris A.L., Harris J., Harris S.D., Hashimoto M., Haspel J.A., Hayashi S.-I., Hazelhurst L.A., He C., He Y.-W., Hebert M.-J., Heidenreich K.A., Helfrich M.H., Helgason G.V., Henske E.P., Herman B., Herman P.K., Hetz C., Hilfiker S., Hill J.A., Hocking L.J., Hofman P., Hofmann T.G., Hohfeld J., Holyoake T.L., Hong M.-H., Hood D.A., Hotamisligil G.S., Houwerzijl E.J., Hoyer-Hansen M., Hu B., Hu C.-A.A., Hu H.-M., Hua Y., Huang C., Huang J., Huang S., Huang W.-P., Huber T.B., Huh W.-K., Hung T.-H., Hupp T.R., Hur G.M., Hurley J.B., Hussain S.N.A., Hussey P.J., Hwang J.J., Hwang S., Ichihara A., Ilkhanizadeh S., Inoki K., Into T., Iovane V., Iovanna J.L., Ip N.Y., Isaka Y., Ishida H., Isidoro C., Isobe K.-I., Iwasaki A., Izquierdo M., Izumi Y., Jaakkola P.M., Jaattela M., Jackson G.R., Jackson W.T., Janji B., Jendrach M., Jeon J.-H., Jeung E.-B., Jiang H., Jiang H., Jiang J.X., Jiang M., Jiang Q., Jiang X., Jimenez A., Jin M., Jin S., Joe C.O., Johansen T., Johnson D.E., Johnson G.V.W., Jones N.L., Joseph B., Joseph S.K., Joubert A.M., Juhasz G., Juillerat-Jeanneret L., Jung C.H., Jung Y.-K., Kaarniranta K., Kaasik A., Kabuta T., Kadowaki M., Kagedal K., Kamada Y., Kaminskyy V.O., Kampinga H.H., Kanamori H., Kang C., Kang K.B., Il Kang K., Kang R., Kang Y.-A., Kanki T., Kanneganti T.-D., Kanno H., Kanthasamy A.G., Kanthasamy A., Karantza V., Kaushal G.P., Kaushik S., Kawazoe Y., Ke P.-Y., Kehrl J.H., Kelekar A., Kerkhoff C., Kessel D.H., Khalil H., Kiel J.A.K.W., Kiger A.A., Kihara A., Kim D.R., Kim D.-H., Kim D.-H., Kim E.-K., Kim H.-R., Kim J.-S., Kim J.H., Kim J.C., Kim J.K., Kim P.K., Kim S.W., Kim Y.-S., Kim Y., Kimchi A., Kimmelman A.C., King J.S., Kinsella T.J., Kirkin V., Kirshenbaum L.A., Kitamoto K., Kitazato K., Klein L., Klimecki W.T., Klucken J., Knecht E., Ko B.C.B., Koch J.C., Koga H., Koh J.-Y., Koh Y.H., Koike M., Komatsu M., Kominami E., Kong H.J., Kong W.-J., Korolchuk V.I., Kotake Y., Koukourakis M.I., Kouri Flores J.B., Kovacs A.L., Kraft C., Krainc D., Kramer H., Kretz-Remy C., Krichevsky A.M., Kroemer G., Kruger R., Krut O., Ktistakis N.T., Kuan C.-Y., Kucharczyk R., Kumar A., Kumar R., Kumar S., Kundu M., Kung H.-J., Kurz T., Kwon H.J., La Spada A.R., Lafont F., Lamark T., Landry J., Lane J.D., Lapaquette P., Laporte J.F., Laszlo L., Lavandero S., Lavoie J.N., Layfield R., Lazo P.A., Le W., Le Cam L., Ledbetter D.J., Lee A.J.X., Lee B.-W., Lee G.M., Lee J., Lee J.-H., Lee M., Lee M.-S., Lee S.H., Leeuwenburgh C., Legembre P., Legouis R., Lehmann M., Lei H.-Y., Lei Q.-Y., Leib D.A., Leiro J., Lemasters J.J., Lemoine A., Lesniak M.S., Lev D., Levenson V.V., Levine B., Levy E., Li F., Li J.-L., Li L., Li S., Li W., Li X.-J., Li Y.-B., Li Y.-P., Liang C., Liang Q., Liao Y.-F., Liberski P.P., Lieberman A., Lim H.J., Lim K.-L., Lim K., Lin C.-F., Lin F.-C., Lin J., Lin J.D., Lin K., Lin W.-W., Lin W.-C., Lin Y.-L., Linden R., Lingor P., Lippincott-Schwartz J., Lisanti M.P., Liton P.B., Liu B., Liu C.-F., Liu K., Liu L., Liu Q.A., Liu W., Liu Y.-C., Liu Y., Lockshin R.A., Lok C.-N., Lonial S., Loos B., Lopez-Berestein G., Lopez-Otin C., Lossi L., Lotze M.T., Low P., Lu B., Lu B., Lu B., Lu Z., Luciano F., Lukacs N.W., Lund A.H., Lynch-Day M.A., Ma Y., Macian F., MacKeigan J.P., Macleod K.F., Madeo F., Maiuri L., Maiuri M.C., Malagoli D., Malicdan M.C.V., Malorni W., Man N., Mandelkow E.-M., Manon S., Manov I., Mao K., Mao X., Mao Z., Marambaud P., Marazziti D., Marcel Y.L., Marchbank K., Marchetti P., Marciniak S.J., Marcondes M., Mardi M., Marfe G., Marino G., Markaki M., Marten M.R., Martin S.J., Martinand-Mari C., Martinet W., Martinez-Vicente M., Masini M., Matarrese P., Matsuo S., Matteoni R., Mayer A., Mazure N.M., McConkey D.J., McConnell M.J., McDermott C., McDonald C., McInerney G.M., McKenna S.L., McLaughlin B., McLean P.J., McMaster C.R., McQuibban G.A., Meijer A.J., Meisler M.H., Melendez A., Melia T.J., Melino G., Mena M.A., Menendez J.A., Menna-Barreto R.F.S., Menon M.B., Menzies F.M., Mercer C.A., Merighi A., Merry D.E., Meschini S., Meyer C.G., Meyer T.F., Miao C.-Y., Miao J.-Y., Michels P.A.M., Michiels C., Mijaljica D., Milojkovic A., Minucci S., Miracco C., Miranti C.K., Mitroulis I., Miyazawa K., Mizushima N., Mograbi B., Mohseni S., Molero X., Mollereau B., Mollinedo F., Momoi T., Monastyrska I., Monick M.M., Monteiro M.J., Moore M.N., Mora R., Moreau K., Moreira P.I., Moriyasu Y., Moscat J., Mostowy S., Mottram J.C., Motyl T., Moussa C.E.-H., Muller S., Muller S., Munger K., Munz C., Murphy L.O., Murphy M.E., Musaro A., Mysorekar I., Nagata E., Nagata K., Nahimana A., Nair U., Nakagawa T., Nakahira K., Nakano H., Nakatogawa H., Nanjundan M., Naqvi N.I., Narendra D.P., Narita M., Navarro M., Nawrocki S.T., Nazarko T.Y., Nemchenko A., Netea M.G., Neufeld T.P., Ney P.A., Nezis I.P., Nguyen H.P., Nie D., Nishino I., Nislow C., Nixon R.A., Noda T., Noegel A.A., Nogalska A., Noguchi S., Notterpek L., Novak I., Nozaki T., Nukina N., Nurnberger T., Nyfeler B., Obara K., Oberley T.D., Oddo S., Ogawa M., Ohashi T., Okamoto K., Oleinick N.L., Oliver F.J., Olsen L.J., Olsson S., Opota O., Osborne T.F., Ostrander G.K., Otsu K., Ou J.-H.J., Ouimet M., Overholtzer M., Ozpolat B., Paganetti P., Pagnini U., Pallet N., Palmer G.E., Palumbo C., Pan T., Panaretakis T., Pandey U.B., Papackova Z., Papassideri I., Paris I., Park J., Park O.K., Parys J.B., Parzych K.R., Patschan S., Patterson C., Pattingre S., Pawelek J.M., Peng J., Perlmutter D.H., Perrotta I., Perry G., Pervaiz S., Peter M., Peters G.J., Petersen M., Petrovski G., Phang J.M., Piacentini M., Pierre P., Pierrefite-Carle V., Pierron G., Pinkas-Kramarski R., Piras A., Piri N., Platanias L.C., Poggeler S., Poirot M., Poletti A., Pous C., Pozuelo-Rubio M., Praetorius-Ibba M., Prasad A., Prescott M., Priault M., Produit-Zengaffinen N., Progulske-Fox A., Proikas-Cezanne T., Przedborski S., Przyklenk K., Puertollano R., Puyal J., Qian S.-B., Qin L., Qin Z.-H., Quaggin S.E., Raben N., Rabinowich H., Rabkin S.W., Rahman I., Rami A., Ramm G., Randall G., Randow F., Rao V.A., Rathmell J.C., Ravikumar B., Ray S.K., Reed B.H., Reed J.C., Reggiori F., Regnier-Vigouroux A., Reichert A.S., Reiners Jr. J.J., Reiter R.J., Ren J., Revuelta J.L., Rhodes C.J., Ritis K., Rizzo E., Robbins J., Roberge M., Roca H., Roccheri M.C., Rocchi S., Rodemann H.P., De Cordoba S.R., Rohrer B., Roninson I.B., Rosen K., Rost-Roszkowska M.M., Rouis M., Rouschop K.M.A., Rovetta F., Rubin B.P., Rubinsztein D.C., Ruckdeschel K., Rucker III E.B., Rudich A., Rudolf E., Ruiz-Opazo N., Russo R., Rusten T.E., Ryan K.M., Ryter S.W., Sabatini D.M., Sadoshima J., Saha T., Saitoh T., Sakagami H., Sakai Y., Salekdeh G.H., Salomoni P., Salvaterra P.M., Salvesen G., Salvioli R., Sanchez A.M.J., Sanchez-Alcazar J.A., Sanchez-Prieto R., Sandri M., Sankar U., Sansanwal P., Santambrogio L., Saran S., Sarkar S., Sarwal M., Sasakawa C., Sasnauskiene A., Sass M., Sato K., Sato M., Schapira A.H.V., Scharl M., Schatzl H.M., Scheper W., Schiaffino S., Schneider C., Schneider M.E., Schneider-Stock R., Schoenlein P.V., Schorderet D.F., Schuller C., Schwartz G.K., Scorrano L., Sealy L., Seglen P.O., Segura-Aguilar J., Seiliez I., Seleverstov O., Sell C., Seo J.B., Separovic D., Setaluri V., Setoguchi T., Settembre C., Shacka J.J., Shanmugam M., Shapiro I.M., Shaulian E., Shaw R.J., Shelhamer J.H., Shen H.-M., Shen W.-C., Sheng Z.-H., Shi Y., Shibuya K., Shidoji Y., Shieh J.-J., Shih C.-M., Shimada Y., Shimizu S., Shintani T., Shirihai O.S., Shore G.C., Sibirny A.A., Sidhu S.B., Sikorska B., Silva-Zacarin E.C.M., Simmons A., Simon A.K., Simon H.-U., Simone C., Simonsen A., Sinclair D.A., Singh R., Sinha D., Sinicrope F.A., Sirko A., Siu P.M., Sivridis E., Skop V., Skulachev V.P., Slack R.S., Smaili S.S., Smith D.R., Soengas M.S., Soldati T., Song X., Sood A.K., Soong T.W., Sotgia F., Spector S.A., Spies C.D., Springer W., Srinivasula S.M., Stefanis L., Steffan J.S., Stendel R., Stenmark H., Stephanou A., Stern S.T., Sternberg C., Stork B., Stralfors P., Subauste C.S., Sui X., Sulzer D., Sun J., Sun S.-Y., Sun Z.-J., Sung J.J.Y., Suzuki K., Suzuki T., Swanson M.S., Swanton C., Sweeney S.T., Sy L.-K., Szabadkai G., Tabas I., Taegtmeyer H., Tafani M., Takacs-Vellai K., Takano Y., Takegawa K., Takemura G., Takeshita F., Talbot N.J., Tan K.S.W., Tanaka K., Tanaka K., Tang D., Tang D., Tanida I., Tannous B.A., Tavernarakis N., Taylor G.S., Taylor G.A., Taylor J.P., Terada A.S., Terman A., Tettamanti G., Thevissen K., Thompson C.B., Thorburn A., Thumm M., Tian F., Tian Y., Tocchini-Valentini G., Tolkovsky A.M., Tomino Y., Tonges L., Tooze S.A., Tournier C., Tower J., Towns R., Trajkovic V., Travassos L.H., Tsai T.-F., Tschan M.P., Tsubata T., Tsung A., Turk B., Turner L.S., Tyagi S.C., Uchiyama Y., Ueno T., Umekawa M., Umemiya-Shirafuji R., Unni V.K., Vaccaro M.I., Valente E.M., Van Den Berghe G., Van Der Klei I.J., Van Doorn W.G., Van Dyk L.F., Van Egmond M., Van Grunsven L.A., Vandenabeele P., Vandenberghe W.P., Vanhorebeek I., Vaquero E.C., Velasco G., Vellai T., Vicencio J.M., Vierstra R.D., Vila M., Vindis C., Viola G., Viscomi M.T., Voitsekhovskaja O.V., Von Haefen C., Votruba M., Wada K., Wade-Martins R., Walker C.L., Walsh C.M., Walter J., Wan X.-B., Wang A., Wang C., Wang D., Wang F., Wang F., Wang G., Wang H., Wang H.-G., Wang H.-D., Wang J., Wang K., Wang M., Wang R.C., Wang X., Wang X., Wang Y.-J., Wang Y., Wang Z., Wang Z.C., Wang Z., Wansink D.G., Ward D.M., Watada H., Waters S.L., Webster P., Wei L., Weihl C.C., Weiss W.A., Welford S.M., Wen L.-P., Whitehouse C.A., Whitton J.L., Whitworth A.J., Wileman T., Wiley J.W., Wilkinson S., Willbold D., Williams R.L., Williamson P.R., Wouters B.G., Wu C., Wu D.-C., Wu W.K.K., Wyttenbach A., Xavier R.J., Xi Z., Xia P., Xiao G., Xie Z., Xie Z., Xu D.-Z., Xu J., Xu L., Xu X., Yamamoto A., Yamamoto A., Yamashina S., Yamashita M., Yan X., Yanagida M., Yang D.-S., Yang E., Yang J.-M., Yang S.Y., Yang W., Yang W.Y., Yang Z., Yao M.-C., Yao T.-P., Yeganeh B., Yen W.-L., Yin J.-J., Yin X.-M., Yoo O.-J., Yoon G., Yoon S.-Y., Yorimitsu T., Yoshikawa Y., Yoshimori T., Yoshimoto K., You H.J., Youle R.J., Younes A., Yu L., Yu L., Yu S.-W., Yu W.H., Yuan Z.-M., Yue Z., Yun C.-H., Yuzaki M., Zabirnyk O., Silva-Zacarin E., David Zacks E., Zacksenhaus L., Zaffaroni N., Zakeri Z., Zeh III H.J., Zeitlin S.O., Zhang H., Zhang H.-L., Zhang J., Zhang J.-P., Zhang L., Zhang L., Zhang M.-Y., Zhang X.D., Zhao M., Zhao Y.-F., Zhao Y., Zhao Z.J., Zheng X., Zhivotovsky B., Zhong Q., Zhou C.-Z., Zhu C., Zhu W.-G., Zhu X.-F., Zhu X., Zhu Y., Zoladek T., Zong W.-X., Zorzano A., Zschocke J., Zuckerbraun B.;2012;Autophagy;1080
Rossetto M., de Leo G.A., Bevacqua D., Micheli F.;2012;Oecologia;6
Guidetti P., Micheli F.;2012;Frontiers in Ecology and the Environment;1
Wiggs J.L., Yaspan B.L., Hauser M.A., Kang J.H., Allingham R.R., Olson L.M., Abdrabou W., Fan B.J., Wang D.Y., Brodeur W., Budenz D.L., Caprioli J., Crenshaw A., Crooks K., DelBono E., Doheny K.F., Friedman D.S., Gaasterland D., Gaasterland T., Laurie C., Lee R.K., Lichter P.R., Loomis S., Liu Y., Medeiros F.A., McCarty C., Mirel D., Moroi S.E., Musch D.C., Realini A., Rozsa F.W., Schuman J.S., Scott K., Singh K., Stein J.D., Trager E.H., VanVeldhuisen P., Vollrath D., Wollstein G., Yoneyama S., Zhang K., Weinreb R.N., Ernst J., Kellis M., Masuda T., Zack D., Richards J.E., Pericak-Vance M., Pasquale L.R., Haines J.L.;2012;PLoS Genetics;66
Landeira-Fernandez A.M., Castilho P.C., Block B.A.;2012;Journal of Thermal Biology;5
Logan C.A., Kost L.E., Somero G.N.;2012;Marine Ecology Progress Series;13
Pani A.M., Mullarkey E.E., Aronowicz J., Assimacopoulos S., Grove E.A., Lowe C.J.;2012;Nature;59
Denny M.W., Dowd W.W.;2012;Journal of Experimental Biology;8
Vincenzi S., De Leo G.A., Bellingeri M.;2012;Ecological Informatics;3
Woodson C.B., McManus M.A., Tyburczy J.A., Barth J.A., Washburn L., Caselle J.E., Carr M.H., Malone D.P., Raimondi P.T., Menge B.A., Palumbi S.R.;2012;Limnology and Oceanography;19
McCauley D.J., McLean K.A., Bauer J., Young H.S., Micheli F.;2012;Ecological Applications;15
Sala E., Ballesteros E., Dendrinos P., Di Franco A., Ferretti F., Foley D., Fraschetti S., Friedlander A., Garrabou J., Guclusoy H., Guidetti P., Halpern B.S., Hereu B., Karamanlidis A.A., Kizilkaya Z., Macpherson E., Mangialajo L., Mariani S., Micheli F., Pais A., Riser K., Rosenberg A.A., Sales M., Selkoe K.A., Starr R., Tomas F., Zabala M.;2012;PLoS ONE;57
Portner H.O., Peck L.S., Somero G.N.;2012;Antarctic Ecosystems: An Extreme Environment in a Changing World;3
Carlisle A.B., Kim S.L., Semmens B.X., Madigan D.J., Jorgensen S.J., Perle C.R., Anderson S.D., Chapple T.K., Kanive P.E., Block B.A.;2012;PLoS ONE;35
Molacek J., Denny M., Bush J.W.M.;2012;Journal of Theoretical Biology;2
Alexanderian A., Le Maitre O.P., Najm H.N., Iskandarani M., Knio O.M.;2012;Journal of Scientific Computing;6
Iles A.C., Gouhier T.C., Menge B.A., Stewart J.S., Haupt A.J., Lynch M.C.;2012;Global Change Biology;20
Andrew Gillis J., Fritzenwanker J.H., Lowe C.J.;2012;Proceedings of the Royal Society B: Biological Sciences;30
Thacker W.C., Srinivasan A., Iskandarani M., Knio O.M., Henaff M.L.;2012;Ocean Modelling;9
Dickey T., Banner M.L., Bhandari P., Boyd T., Carvalho L., Chang G., Chao Y., Czerski H., Darecki M., Dong C., Farmer D., Freeman S., Gemmrich J., Gernez P., Hall-Patch N., Holt B., Jiang S., Jones C., Kattawar G., Lebel D., Lenain L., Lewis M., Liu Y., Logan L., Manov D., Melville W.K., Moline M.A., Morison R., Nencioli F., Pegau W.S., Reineman B., Robbins I., Rttgers R., Schultz H., Shen L., Shinki M., Slivkoff M., Sokolski M., Spada F., Statom N., Stramski D., Sutherland P., Twardowski M., Vagle S., Van Dommelen R., Voss K., Washburn L., Wei J., Wijesekera H., Wurl O., Yang D., Yildiz S., You Y., Yue D.K.P., Zaneveld R., Zappa C.J.;2012;Journal of Geophysical Research: Oceans;5
Somero G.N.;2012;Annual Review of Marine Science;83
Mcclenachan L., Ferretti F., Baum J.K.;2012;Conservation Letters;20
Gao Z., Wang L., Bi X., Song Q., Gao Y.;2012;Journal of Geophysical Research Atmospheres;1
Pleizier N.K., Campana S.E., Schallert R.J., Wilson S.G., Block B.A.;2012;Journal of Northwest Atlantic Fishery Science;3
